{
  "attr": "acceleration",
  "trials": 100,
  "baseSeed": 20260701,
  "ms": 17872,
  "testGoalsMean": 1.18,
  "controlGoalsMean": 0.77,
  "testGoalsStd": 0.9361429572258906,
  "controlGoalsStd": 0.8022065529122496,
  "diffMean": 0.41,
  "diffStd": 1.2068407709655182,
  "tStat": 3.3972998747132523,
  "pValue": 0.000680646984258626,
  "significant": true,
  "wins": 49,
  "draws": 28,
  "losses": 23,
  "testShotsMean": 2.68,
  "controlShotsMean": 2.04,
  "testSOTMean": 2.25,
  "controlSOTMean": 1.5,
  "testPossMean": 3360.04,
  "controlPossMean": 3316.18,
  "testFoulsMean": 0.71,
  "controlFoulsMean": 0.96
}