{
  "attr": "acceleration",
  "trials": 500,
  "baseSeed": 20260701,
  "ms": 128257,
  "testGoalsMean": 0.952,
  "controlGoalsMean": 0.418,
  "testGoalsStd": 0.9877485988798828,
  "controlGoalsStd": 0.6197129078664997,
  "diffMean": 0.534,
  "diffStd": 1.2457720079499235,
  "tStat": 9.584902312501516,
  "pValue": 0,
  "significant": true,
  "wins": 244,
  "draws": 162,
  "losses": 94,
  "testShotsMean": 3.63,
  "controlShotsMean": 2.14,
  "testSOTMean": 2.84,
  "controlSOTMean": 1.32,
  "testPossMean": 3428.014,
  "controlPossMean": 3263.666,
  "testFoulsMean": 1.232,
  "controlFoulsMean": 0.826
}