{
  "attr": "aerialReach",
  "trials": 100,
  "baseSeed": 20260701,
  "ms": 20684,
  "testGoalsMean": 0.8,
  "controlGoalsMean": 0.84,
  "testGoalsStd": 0.9320337272260425,
  "controlGoalsStd": 0.8957813586050127,
  "diffMean": -0.04,
  "diffStd": 1.3700991632621768,
  "tStat": -0.2919496710352035,
  "pValue": 0.7703252395841118,
  "significant": false,
  "wins": 33,
  "draws": 30,
  "losses": 37,
  "testShotsMean": 1.9,
  "controlShotsMean": 2.13,
  "testSOTMean": 1.5,
  "controlSOTMean": 1.8,
  "testPossMean": 3274.75,
  "controlPossMean": 3351.66,
  "testFoulsMean": 0.68,
  "controlFoulsMean": 0.59
}