{
  "attr": "aggression",
  "trials": 100,
  "baseSeed": 20260701,
  "ms": 20450,
  "testGoalsMean": 0.84,
  "controlGoalsMean": 0.79,
  "testGoalsStd": 0.7877855422677287,
  "controlGoalsStd": 0.8201379534116576,
  "diffMean": 0.05,
  "diffStd": 1.166666666666667,
  "tStat": 0.4285714285714285,
  "pValue": 0.6682352143536696,
  "significant": false,
  "wins": 35,
  "draws": 35,
  "losses": 30,
  "testShotsMean": 2.06,
  "controlShotsMean": 2.04,
  "testSOTMean": 1.63,
  "controlSOTMean": 1.6,
  "testPossMean": 3312.75,
  "controlPossMean": 3254.32,
  "testFoulsMean": 1.05,
  "controlFoulsMean": 0.67
}