{
  "attr": "agility",
  "trials": 100,
  "baseSeed": 20260701,
  "ms": 17597,
  "testGoalsMean": 0.9,
  "controlGoalsMean": 0.87,
  "testGoalsStd": 0.7977240352174658,
  "controlGoalsStd": 0.9811866655877838,
  "diffMean": 0.03,
  "diffStd": 1.3291981329988682,
  "tStat": 0.22569998599317578,
  "pValue": 0.8214348535702921,
  "significant": false,
  "wins": 41,
  "draws": 25,
  "losses": 34,
  "testShotsMean": 2.36,
  "controlShotsMean": 1.99,
  "testSOTMean": 1.8,
  "controlSOTMean": 1.86,
  "testPossMean": 3361.71,
  "controlPossMean": 3263.09,
  "testFoulsMean": 0.72,
  "controlFoulsMean": 0.47
}