{
  "attr": "anticipation",
  "trials": 100,
  "baseSeed": 20260701,
  "ms": 20702,
  "testGoalsMean": 0.96,
  "controlGoalsMean": 0.78,
  "testGoalsStd": 0.9941241513426918,
  "controlGoalsStd": 0.8713161993168266,
  "diffMean": 0.18,
  "diffStd": 1.2583458759158164,
  "tStat": 1.4304493179905493,
  "pValue": 0.15258819804045598,
  "significant": false,
  "wins": 34,
  "draws": 40,
  "losses": 26,
  "testShotsMean": 2.29,
  "controlShotsMean": 2.04,
  "testSOTMean": 1.8,
  "controlSOTMean": 1.41,
  "testPossMean": 3406.35,
  "controlPossMean": 3287.8,
  "testFoulsMean": 0.8,
  "controlFoulsMean": 0.86
}