{
  "attr": "balance",
  "trials": 100,
  "baseSeed": 20260701,
  "ms": 17733,
  "testGoalsMean": 1.03,
  "controlGoalsMean": 0.89,
  "testGoalsStd": 0.989388138643722,
  "controlGoalsStd": 0.9836542876314616,
  "diffMean": 0.14,
  "diffStd": 1.5440992274599525,
  "tStat": 0.9066774823163432,
  "pValue": 0.36457732108156193,
  "significant": false,
  "wins": 45,
  "draws": 23,
  "losses": 32,
  "testShotsMean": 2.08,
  "controlShotsMean": 2.01,
  "testSOTMean": 1.57,
  "controlSOTMean": 1.64,
  "testPossMean": 3376.99,
  "controlPossMean": 3276.37,
  "testFoulsMean": 0.76,
  "controlFoulsMean": 0.84
}