{
  "attr": "bravery",
  "trials": 100,
  "baseSeed": 20260701,
  "ms": 20760,
  "testGoalsMean": 0.87,
  "controlGoalsMean": 0.9,
  "testGoalsStd": 0.9391055275735484,
  "controlGoalsStd": 0.8819171036881972,
  "diffMean": -0.03,
  "diffStd": 1.4103155317126377,
  "tStat": -0.21271835504476827,
  "pValue": 0.831546717036901,
  "significant": false,
  "wins": 37,
  "draws": 26,
  "losses": 37,
  "testShotsMean": 2.19,
  "controlShotsMean": 2.07,
  "testSOTMean": 1.51,
  "controlSOTMean": 1.66,
  "testPossMean": 3332.48,
  "controlPossMean": 3267.39,
  "testFoulsMean": 0.67,
  "controlFoulsMean": 0.62
}