{
  "attr": "communication",
  "trials": 100,
  "baseSeed": 20260701,
  "ms": 20064,
  "testGoalsMean": 0.81,
  "controlGoalsMean": 0.72,
  "testGoalsStd": 0.9287223764534007,
  "controlGoalsStd": 0.739642283182017,
  "diffMean": 0.09,
  "diffStd": 1.2799542289796262,
  "tStat": 0.7031501436715248,
  "pValue": 0.4819620474474988,
  "significant": false,
  "wins": 35,
  "draws": 32,
  "losses": 33,
  "testShotsMean": 1.87,
  "controlShotsMean": 2.18,
  "testSOTMean": 1.53,
  "controlSOTMean": 1.49,
  "testPossMean": 3337.66,
  "controlPossMean": 3367.04,
  "testFoulsMean": 0.73,
  "controlFoulsMean": 0.64
}