{
  "attr": "composure",
  "trials": 100,
  "baseSeed": 20260701,
  "ms": 20671,
  "testGoalsMean": 0.91,
  "controlGoalsMean": 0.93,
  "testGoalsStd": 0.8887057892227214,
  "controlGoalsStd": 0.9239244361073922,
  "diffMean": -0.02,
  "diffStd": 1.286919428776183,
  "tStat": -0.15540988466557948,
  "pValue": 0.8764981671104028,
  "significant": false,
  "wins": 33,
  "draws": 35,
  "losses": 32,
  "testShotsMean": 2.07,
  "controlShotsMean": 2.12,
  "testSOTMean": 1.79,
  "controlSOTMean": 1.85,
  "testPossMean": 3355.48,
  "controlPossMean": 3263.8,
  "testFoulsMean": 0.48,
  "controlFoulsMean": 0.63
}