{
  "attr": "concentration",
  "trials": 100,
  "baseSeed": 20260701,
  "ms": 20333,
  "testGoalsMean": 0.72,
  "controlGoalsMean": 0.89,
  "testGoalsStd": 0.8418354166265927,
  "controlGoalsStd": 0.9628975631767471,
  "diffMean": -0.17,
  "diffStd": 1.3710940849916127,
  "tStat": -1.2398857369517422,
  "pValue": 0.2150177964330905,
  "significant": false,
  "wins": 27,
  "draws": 33,
  "losses": 40,
  "testShotsMean": 1.93,
  "controlShotsMean": 2.23,
  "testSOTMean": 1.39,
  "controlSOTMean": 1.76,
  "testPossMean": 3252.29,
  "controlPossMean": 3360.29,
  "testFoulsMean": 0.7,
  "controlFoulsMean": 0.59
}