{
  "attr": "consistency",
  "trials": 100,
  "baseSeed": 20260701,
  "ms": 20954,
  "testGoalsMean": 0.91,
  "controlGoalsMean": 0.98,
  "testGoalsStd": 0.9000000000000001,
  "controlGoalsStd": 0.9318169499868673,
  "diffMean": -0.07,
  "diffStd": 1.4788406597634842,
  "tStat": -0.4733437611270124,
  "pValue": 0.6359679718371607,
  "significant": false,
  "wins": 33,
  "draws": 27,
  "losses": 40,
  "testShotsMean": 2.17,
  "controlShotsMean": 2.26,
  "testSOTMean": 1.7,
  "controlSOTMean": 1.69,
  "testPossMean": 3281.93,
  "controlPossMean": 3317.92,
  "testFoulsMean": 0.77,
  "controlFoulsMean": 0.58
}