{
  "attr": "crossing",
  "trials": 100,
  "baseSeed": 20260701,
  "ms": 20559,
  "testGoalsMean": 1.05,
  "controlGoalsMean": 0.87,
  "testGoalsStd": 0.9142530206997329,
  "controlGoalsStd": 0.9498006170356034,
  "diffMean": 0.18,
  "diffStd": 1.3512433481274144,
  "tStat": 1.332106465126717,
  "pValue": 0.18282533653574207,
  "significant": false,
  "wins": 37,
  "draws": 35,
  "losses": 28,
  "testShotsMean": 2.23,
  "controlShotsMean": 2,
  "testSOTMean": 1.76,
  "controlSOTMean": 1.49,
  "testPossMean": 3276,
  "controlPossMean": 3251.81,
  "testFoulsMean": 0.62,
  "controlFoulsMean": 0.77
}