{
  "attr": "decisions",
  "trials": 100,
  "baseSeed": 20260701,
  "ms": 20889,
  "testGoalsMean": 0.89,
  "controlGoalsMean": 0.79,
  "testGoalsStd": 0.886429678969277,
  "controlGoalsStd": 0.9133687230480493,
  "diffMean": 0.1,
  "diffStd": 1.3743685418725538,
  "tStat": 0.7276068751089988,
  "pValue": 0.4668541322634694,
  "significant": false,
  "wins": 38,
  "draws": 34,
  "losses": 28,
  "testShotsMean": 2.05,
  "controlShotsMean": 2,
  "testSOTMean": 1.66,
  "controlSOTMean": 1.58,
  "testPossMean": 3243.27,
  "controlPossMean": 3257.65,
  "testFoulsMean": 0.79,
  "controlFoulsMean": 1.08
}