{
  "attr": "dribbling",
  "trials": 500,
  "baseSeed": 20260701,
  "ms": 130042,
  "testGoalsMean": 0.988,
  "controlGoalsMean": 0.588,
  "testGoalsStd": 0.9195363473992585,
  "controlGoalsStd": 0.7479135976160604,
  "diffMean": 0.4,
  "diffStd": 1.2438224103049245,
  "tStat": 7.190955747297125,
  "pValue": 6.480371794737039e-13,
  "significant": true,
  "wins": 226,
  "draws": 170,
  "losses": 104,
  "testShotsMean": 2.916,
  "controlShotsMean": 2.308,
  "testSOTMean": 2.456,
  "controlSOTMean": 1.704,
  "testPossMean": 3300.326,
  "controlPossMean": 3376.894,
  "testFoulsMean": 1.024,
  "controlFoulsMean": 0.852
}