{
  "attr": "dribbling",
  "trials": 100,
  "baseSeed": 20260701,
  "ms": 25828,
  "testGoalsMean": 1.2,
  "controlGoalsMean": 0.62,
  "testGoalsStd": 1.119162746219357,
  "controlGoalsStd": 0.8012616314414421,
  "diffMean": 0.58,
  "diffStd": 1.4154986272110484,
  "tStat": 4.0974960261372475,
  "pValue": 0.00004178691427836334,
  "significant": true,
  "wins": 51,
  "draws": 29,
  "losses": 20,
  "testShotsMean": 2.54,
  "controlShotsMean": 1.67,
  "testSOTMean": 2.03,
  "controlSOTMean": 1.32,
  "testPossMean": 3253.56,
  "controlPossMean": 3318.35,
  "testFoulsMean": 0.46,
  "controlFoulsMean": 0.66
}