{
  "attr": "finishing",
  "trials": 100,
  "baseSeed": 20260701,
  "ms": 20636,
  "testGoalsMean": 1.03,
  "controlGoalsMean": 0.9,
  "testGoalsStd": 1.0096003809888987,
  "controlGoalsStd": 0.8932971498777987,
  "diffMean": 0.13,
  "diffStd": 1.4045740574381556,
  "tStat": 0.9255474947124602,
  "pValue": 0.3546811515461743,
  "significant": false,
  "wins": 38,
  "draws": 29,
  "losses": 33,
  "testShotsMean": 2.58,
  "controlShotsMean": 2.07,
  "testSOTMean": 1.75,
  "controlSOTMean": 1.7,
  "testPossMean": 3250.01,
  "controlPossMean": 3338.33,
  "testFoulsMean": 0.68,
  "controlFoulsMean": 0.54
}