{
  "attr": "finishing",
  "trials": 500,
  "baseSeed": 20260701,
  "ms": 130163,
  "testGoalsMean": 1.11,
  "controlGoalsMean": 0.64,
  "testGoalsStd": 0.9336183838020454,
  "controlGoalsStd": 0.782063454262498,
  "diffMean": 0.47,
  "diffStd": 1.2618575867102724,
  "tStat": 8.328609824859768,
  "pValue": 1.1102230246251565e-16,
  "significant": true,
  "wins": 245,
  "draws": 147,
  "losses": 108,
  "testShotsMean": 4.052,
  "controlShotsMean": 2.758,
  "testSOTMean": 2.88,
  "controlSOTMean": 2.034,
  "testPossMean": 3313.87,
  "controlPossMean": 3379.746,
  "testFoulsMean": 1.126,
  "controlFoulsMean": 1.124
}