{
  "attr": "firstTouch",
  "trials": 500,
  "baseSeed": 20260701,
  "ms": 129782,
  "testGoalsMean": 0.984,
  "controlGoalsMean": 0.374,
  "testGoalsStd": 0.9537101898650876,
  "controlGoalsStd": 0.5820666656031859,
  "diffMean": 0.61,
  "diffStd": 1.1733087004762344,
  "tStat": 11.62525655627745,
  "pValue": 0,
  "significant": true,
  "wins": 266,
  "draws": 142,
  "losses": 92,
  "testShotsMean": 4.26,
  "controlShotsMean": 1.674,
  "testSOTMean": 2.89,
  "controlSOTMean": 1.088,
  "testPossMean": 3518.102,
  "controlPossMean": 3189.552,
  "testFoulsMean": 1.084,
  "controlFoulsMean": 1.422
}