{
  "attr": "firstTouch",
  "trials": 100,
  "baseSeed": 20260701,
  "ms": 20791,
  "testGoalsMean": 1.33,
  "controlGoalsMean": 0.64,
  "testGoalsStd": 1.0055904341291841,
  "controlGoalsStd": 0.8470984344075705,
  "diffMean": 0.69,
  "diffStd": 1.4473591416260463,
  "tStat": 4.76730329159917,
  "pValue": 0.000001869410299670804,
  "significant": true,
  "wins": 56,
  "draws": 27,
  "losses": 17,
  "testShotsMean": 2.85,
  "controlShotsMean": 1.65,
  "testSOTMean": 2.27,
  "controlSOTMean": 1.31,
  "testPossMean": 3466.57,
  "controlPossMean": 3209,
  "testFoulsMean": 0.65,
  "controlFoulsMean": 0.84
}