{
  "attr": "flair",
  "trials": 100,
  "baseSeed": 20260701,
  "ms": 20421,
  "testGoalsMean": 1.1,
  "controlGoalsMean": 0.65,
  "testGoalsStd": 1.0777829844714386,
  "controlGoalsStd": 0.7436600722307893,
  "diffMean": 0.45,
  "diffStd": 1.5067189585991205,
  "tStat": 2.986622006922842,
  "pValue": 0.0028209208773529726,
  "significant": true,
  "wins": 46,
  "draws": 28,
  "losses": 26,
  "testShotsMean": 2.64,
  "controlShotsMean": 1.88,
  "testSOTMean": 2.16,
  "controlSOTMean": 1.38,
  "testPossMean": 3284.84,
  "controlPossMean": 3303.72,
  "testFoulsMean": 0.79,
  "controlFoulsMean": 0.72
}