{
  "attr": "goalkeeping",
  "trials": 500,
  "baseSeed": 20260701,
  "ms": 130242,
  "testGoalsMean": 0.602,
  "controlGoalsMean": 0.246,
  "testGoalsStd": 0.7594402537382363,
  "controlGoalsStd": 0.4999839676788391,
  "diffMean": 0.356,
  "diffStd": 0.9289725399385703,
  "tStat": 8.56903908098903,
  "pValue": 0,
  "significant": true,
  "wins": 201,
  "draws": 231,
  "losses": 68,
  "testShotsMean": 2.642,
  "controlShotsMean": 2.654,
  "testSOTMean": 1.844,
  "controlSOTMean": 2.7,
  "testPossMean": 3466.224,
  "controlPossMean": 3350.41,
  "testFoulsMean": 1.1,
  "controlFoulsMean": 1.08
}