{
  "attr": "goalkeeping",
  "trials": 100,
  "baseSeed": 20260701,
  "ms": 20485,
  "testGoalsMean": 0.75,
  "controlGoalsMean": 0.86,
  "testGoalsStd": 0.8918825850158447,
  "controlGoalsStd": 0.9213516640723497,
  "diffMean": -0.11,
  "diffStd": 1.3400964837871143,
  "tStat": -0.820836419845979,
  "pValue": 0.4117393406326153,
  "significant": false,
  "wins": 30,
  "draws": 33,
  "losses": 37,
  "testShotsMean": 1.87,
  "controlShotsMean": 2.23,
  "testSOTMean": 1.36,
  "controlSOTMean": 1.76,
  "testPossMean": 3265.22,
  "controlPossMean": 3350.1,
  "testFoulsMean": 0.69,
  "controlFoulsMean": 0.54
}