{
  "attr": "handling",
  "trials": 100,
  "baseSeed": 20260701,
  "ms": 20857,
  "testGoalsMean": 0.77,
  "controlGoalsMean": 0.82,
  "testGoalsStd": 0.9519252156349344,
  "controlGoalsStd": 0.9252900173251716,
  "diffMean": -0.05,
  "diffStd": 1.343709624716425,
  "tStat": -0.3721042037676253,
  "pValue": 0.7098153854480127,
  "significant": false,
  "wins": 27,
  "draws": 40,
  "losses": 33,
  "testShotsMean": 1.92,
  "controlShotsMean": 2.12,
  "testSOTMean": 1.4,
  "controlSOTMean": 1.77,
  "testPossMean": 3268.67,
  "controlPossMean": 3360.29,
  "testFoulsMean": 0.7,
  "controlFoulsMean": 0.58
}