{
  "attr": "heading",
  "trials": 100,
  "baseSeed": 20260701,
  "ms": 20585,
  "testGoalsMean": 0.87,
  "controlGoalsMean": 0.84,
  "testGoalsStd": 0.8836906081367459,
  "controlGoalsStd": 0.8375047112787727,
  "diffMean": 0.03,
  "diffStd": 1.3367758589119185,
  "tStat": 0.2244205698359842,
  "pValue": 0.8224301494733056,
  "significant": false,
  "wins": 34,
  "draws": 29,
  "losses": 37,
  "testShotsMean": 2.05,
  "controlShotsMean": 1.95,
  "testSOTMean": 1.65,
  "controlSOTMean": 1.65,
  "testPossMean": 3300.83,
  "controlPossMean": 3345.91,
  "testFoulsMean": 0.53,
  "controlFoulsMean": 0.85
}