{
  "attr": "jumping",
  "trials": 100,
  "baseSeed": 20260701,
  "ms": 17837,
  "testGoalsMean": 1.03,
  "controlGoalsMean": 0.82,
  "testGoalsStd": 1.029415839054835,
  "controlGoalsStd": 0.8572919543244851,
  "diffMean": 0.21,
  "diffStd": 1.4445648745444686,
  "tStat": 1.4537249499869067,
  "pValue": 0.14602266254253227,
  "significant": false,
  "wins": 43,
  "draws": 23,
  "losses": 34,
  "testShotsMean": 2.02,
  "controlShotsMean": 1.93,
  "testSOTMean": 1.76,
  "controlSOTMean": 1.59,
  "testPossMean": 3401.51,
  "controlPossMean": 3334.55,
  "testFoulsMean": 0.79,
  "controlFoulsMean": 0.82
}