{
  "attr": "kicking",
  "trials": 100,
  "baseSeed": 20260701,
  "ms": 20166,
  "testGoalsMean": 0.83,
  "controlGoalsMean": 0.97,
  "testGoalsStd": 0.8652085636341434,
  "controlGoalsStd": 1.0195562512656917,
  "diffMean": -0.14,
  "diffStd": 1.4908474981118156,
  "tStat": -0.9390631850495269,
  "pValue": 0.34769827623876615,
  "significant": false,
  "wins": 36,
  "draws": 24,
  "losses": 40,
  "testShotsMean": 2.1,
  "controlShotsMean": 2.15,
  "testSOTMean": 1.51,
  "controlSOTMean": 1.92,
  "testPossMean": 3306.87,
  "controlPossMean": 3369.63,
  "testFoulsMean": 0.65,
  "controlFoulsMean": 0.55
}