{
  "attr": "longShots",
  "trials": 100,
  "baseSeed": 20260701,
  "ms": 20310,
  "testGoalsMean": 1.08,
  "controlGoalsMean": 0.83,
  "testGoalsStd": 0.9916825819960454,
  "controlGoalsStd": 0.8882510337679873,
  "diffMean": 0.25,
  "diffStd": 1.4932508094081114,
  "tStat": 1.6741996617372934,
  "pValue": 0.09409132126289166,
  "significant": false,
  "wins": 39,
  "draws": 30,
  "losses": 31,
  "testShotsMean": 2.67,
  "controlShotsMean": 1.9,
  "testSOTMean": 2.07,
  "controlSOTMean": 1.55,
  "testPossMean": 3288.57,
  "controlPossMean": 3287.92,
  "testFoulsMean": 0.68,
  "controlFoulsMean": 0.59
}