{
  "attr": "marking",
  "trials": 100,
  "baseSeed": 20260701,
  "ms": 20380,
  "testGoalsMean": 0.92,
  "controlGoalsMean": 0.74,
  "testGoalsStd": 0.824866074222986,
  "controlGoalsStd": 0.871779788708135,
  "diffMean": 0.18,
  "diffStd": 1.2822013898137854,
  "tStat": 1.403835633231855,
  "pValue": 0.16036790797458178,
  "significant": false,
  "wins": 43,
  "draws": 26,
  "losses": 31,
  "testShotsMean": 1.96,
  "controlShotsMean": 1.77,
  "testSOTMean": 1.57,
  "controlSOTMean": 1.67,
  "testPossMean": 3296.68,
  "controlPossMean": 3391.81,
  "testFoulsMean": 0.98,
  "controlFoulsMean": 0.57
}