{
  "attr": "naturalFitness",
  "trials": 100,
  "baseSeed": 20260701,
  "ms": 22728,
  "testGoalsMean": 0.94,
  "controlGoalsMean": 0.92,
  "testGoalsStd": 0.8624606564002697,
  "controlGoalsStd": 0.9285592184789416,
  "diffMean": 0.02,
  "diffStd": 1.3705414398637643,
  "tStat": 0.14592772913154714,
  "pValue": 0.8839783995416444,
  "significant": false,
  "wins": 36,
  "draws": 25,
  "losses": 39,
  "testShotsMean": 2.05,
  "controlShotsMean": 2.16,
  "testSOTMean": 1.74,
  "controlSOTMean": 1.66,
  "testPossMean": 3273.23,
  "controlPossMean": 3297.34,
  "testFoulsMean": 0.78,
  "controlFoulsMean": 0.64
}