{
  "attr": "offTheBall",
  "trials": 100,
  "baseSeed": 20260701,
  "ms": 20833,
  "testGoalsMean": 1.04,
  "controlGoalsMean": 0.94,
  "testGoalsStd": 0.9839109756887597,
  "controlGoalsStd": 0.9725526134140955,
  "diffMean": 0.1,
  "diffStd": 1.5275252316519468,
  "tStat": 0.6546536707079772,
  "pValue": 0.5126906337634385,
  "significant": false,
  "wins": 43,
  "draws": 23,
  "losses": 34,
  "testShotsMean": 2.25,
  "controlShotsMean": 2.06,
  "testSOTMean": 1.84,
  "controlSOTMean": 1.62,
  "testPossMean": 3277.1,
  "controlPossMean": 3346.01,
  "testFoulsMean": 1.15,
  "controlFoulsMean": 0.64
}