{
  "attr": "oneOnOne",
  "trials": 100,
  "baseSeed": 20260701,
  "ms": 20153,
  "testGoalsMean": 0.8,
  "controlGoalsMean": 0.93,
  "testGoalsStd": 0.8287754140107482,
  "controlGoalsStd": 0.9017939472142864,
  "diffMean": -0.13,
  "diffStd": 1.3532975066163917,
  "tStat": -0.9606165633529838,
  "pValue": 0.33674498621066074,
  "significant": false,
  "wins": 32,
  "draws": 32,
  "losses": 36,
  "testShotsMean": 1.74,
  "controlShotsMean": 2.3,
  "testSOTMean": 1.41,
  "controlSOTMean": 2.13,
  "testPossMean": 3250.16,
  "controlPossMean": 3366.47,
  "testFoulsMean": 0.71,
  "controlFoulsMean": 0.75
}