{
  "attr": "pace",
  "trials": 100,
  "baseSeed": 20260701,
  "ms": 17931,
  "testGoalsMean": 1.48,
  "controlGoalsMean": 0.81,
  "testGoalsStd": 0.9793834382875379,
  "controlGoalsStd": 0.8954994092232511,
  "diffMean": 0.67,
  "diffStd": 1.4842948875244824,
  "tStat": 4.513927829512577,
  "pValue": 0.000006369749295798144,
  "significant": true,
  "wins": 63,
  "draws": 14,
  "losses": 23,
  "testShotsMean": 2.83,
  "controlShotsMean": 2.32,
  "testSOTMean": 2.45,
  "controlSOTMean": 1.62,
  "testPossMean": 3519.86,
  "controlPossMean": 3164.08,
  "testFoulsMean": 0.78,
  "controlFoulsMean": 1.13
}