{
  "attr": "pace",
  "trials": 500,
  "baseSeed": 20260701,
  "ms": 130399,
  "testGoalsMean": 1.026,
  "controlGoalsMean": 0.56,
  "testGoalsStd": 0.9439842225508067,
  "controlGoalsStd": 0.7372156902480426,
  "diffMean": 0.466,
  "diffStd": 1.2312090608434492,
  "tStat": 8.463287922857445,
  "pValue": 0,
  "significant": true,
  "wins": 240,
  "draws": 161,
  "losses": 99,
  "testShotsMean": 3.53,
  "controlShotsMean": 2.814,
  "testSOTMean": 2.474,
  "controlSOTMean": 1.972,
  "testPossMean": 3423.894,
  "controlPossMean": 3293.92,
  "testFoulsMean": 0.956,
  "controlFoulsMean": 1.262
}