{
  "attr": "passing",
  "trials": 100,
  "baseSeed": 20260701,
  "ms": 20465,
  "testGoalsMean": 1.14,
  "controlGoalsMean": 0.85,
  "testGoalsStd": 1.0826454692655443,
  "controlGoalsStd": 0.9574271077563372,
  "diffMean": 0.29,
  "diffStd": 1.5589105234752956,
  "tStat": 1.860273541251745,
  "pValue": 0.06284671150736942,
  "significant": false,
  "wins": 41,
  "draws": 29,
  "losses": 30,
  "testShotsMean": 2.23,
  "controlShotsMean": 2.06,
  "testSOTMean": 1.7,
  "controlSOTMean": 1.59,
  "testPossMean": 3012.18,
  "controlPossMean": 3540.5,
  "testFoulsMean": 0.61,
  "controlFoulsMean": 0.6
}