{
  "attr": "passing",
  "trials": 500,
  "baseSeed": 20260701,
  "ms": 127157,
  "testGoalsMean": 0.878,
  "controlGoalsMean": 0.57,
  "testGoalsStd": 0.9278133839036294,
  "controlGoalsStd": 0.717027375009511,
  "diffMean": 0.308,
  "diffStd": 1.1916274383815635,
  "tStat": 5.7795659523023515,
  "pValue": 7.512289901256963e-9,
  "significant": true,
  "wins": 192,
  "draws": 193,
  "losses": 115,
  "testShotsMean": 3.688,
  "controlShotsMean": 2.446,
  "testSOTMean": 2.752,
  "controlSOTMean": 1.73,
  "testPossMean": 2915.008,
  "controlPossMean": 3512.188,
  "testFoulsMean": 0.868,
  "controlFoulsMean": 1.03
}