{
  "attr": "positioning",
  "trials": 100,
  "baseSeed": 20260701,
  "ms": 20939,
  "testGoalsMean": 0.68,
  "controlGoalsMean": 0.95,
  "testGoalsStd": 0.7504880566886614,
  "controlGoalsStd": 0.9574271077563385,
  "diffMean": -0.27,
  "diffStd": 1.2621530426340155,
  "tStat": -2.1392017519248774,
  "pValue": 0.03241921715275231,
  "significant": true,
  "wins": 31,
  "draws": 26,
  "losses": 43,
  "testShotsMean": 1.84,
  "controlShotsMean": 2.26,
  "testSOTMean": 1.4,
  "controlSOTMean": 1.77,
  "testPossMean": 3214.99,
  "controlPossMean": 3424.92,
  "testFoulsMean": 0.73,
  "controlFoulsMean": 0.8
}