{
  "attr": "positioning",
  "trials": 500,
  "baseSeed": 20260701,
  "ms": 130827,
  "testGoalsMean": 1.114,
  "controlGoalsMean": 0.348,
  "testGoalsStd": 0.9751439953274804,
  "controlGoalsStd": 0.6063260364894882,
  "diffMean": 0.766,
  "diffStd": 1.1232842628071222,
  "tStat": 15.248393727910232,
  "pValue": 0,
  "significant": true,
  "wins": 294,
  "draws": 151,
  "losses": 55,
  "testShotsMean": 3.724,
  "controlShotsMean": 2.066,
  "testSOTMean": 3.144,
  "controlSOTMean": 1.306,
  "testPossMean": 3364.548,
  "controlPossMean": 3374.756,
  "testFoulsMean": 0.958,
  "controlFoulsMean": 0.56
}