{
  "attr": "reflexes",
  "trials": 100,
  "baseSeed": 20260701,
  "ms": 23618,
  "testGoalsMean": 1.06,
  "controlGoalsMean": 0.73,
  "testGoalsStd": 0.9931075602685876,
  "controlGoalsStd": 0.8744984132332511,
  "diffMean": 0.33,
  "diffStd": 1.4002525024819887,
  "tStat": 2.3567178020754493,
  "pValue": 0.018437219469832677,
  "significant": true,
  "wins": 42,
  "draws": 34,
  "losses": 24,
  "testShotsMean": 2.3,
  "controlShotsMean": 2.18,
  "testSOTMean": 1.79,
  "controlSOTMean": 2.16,
  "testPossMean": 3391.74,
  "controlPossMean": 3250.83,
  "testFoulsMean": 0.65,
  "controlFoulsMean": 0.68
}