{
  "attr": "stamina",
  "trials": 100,
  "baseSeed": 20260701,
  "ms": 22694,
  "testGoalsMean": 0.98,
  "controlGoalsMean": 0.71,
  "testGoalsStd": 0.9532506851226847,
  "controlGoalsStd": 0.8562898593539008,
  "diffMean": 0.27,
  "diffStd": 1.3842913805491337,
  "tStat": 1.950456412528509,
  "pValue": 0.051121606118715524,
  "significant": false,
  "wins": 41,
  "draws": 34,
  "losses": 25,
  "testShotsMean": 2.42,
  "controlShotsMean": 2.02,
  "testSOTMean": 1.67,
  "controlSOTMean": 1.59,
  "testPossMean": 3373.36,
  "controlPossMean": 3269.03,
  "testFoulsMean": 0.63,
  "controlFoulsMean": 0.84
}