{
  "attr": "strength",
  "trials": 100,
  "baseSeed": 20260701,
  "ms": 22746,
  "testGoalsMean": 1.03,
  "controlGoalsMean": 0.9,
  "testGoalsStd": 1.0096003809888987,
  "controlGoalsStd": 1.0000000000000002,
  "diffMean": 0.13,
  "diffStd": 1.5219272736443836,
  "tStat": 0.8541801060487207,
  "pValue": 0.3930051137826085,
  "significant": false,
  "wins": 40,
  "draws": 30,
  "losses": 30,
  "testShotsMean": 2.05,
  "controlShotsMean": 2.16,
  "testSOTMean": 1.33,
  "controlSOTMean": 1.58,
  "testPossMean": 3370.68,
  "controlPossMean": 3280.67,
  "testFoulsMean": 0.49,
  "controlFoulsMean": 0.67
}