{
  "attr": "strength",
  "trials": 500,
  "baseSeed": 20260701,
  "ms": 131019,
  "testGoalsMean": 1.226,
  "controlGoalsMean": 0.448,
  "testGoalsStd": 1.09970118003517,
  "controlGoalsStd": 0.6754320223632185,
  "diffMean": 0.778,
  "diffStd": 1.3756820134042604,
  "tStat": 12.645806731090964,
  "pValue": 0,
  "significant": true,
  "wins": 287,
  "draws": 132,
  "losses": 81,
  "testShotsMean": 3.744,
  "controlShotsMean": 2.094,
  "testSOTMean": 2.05,
  "controlSOTMean": 1.496,
  "testPossMean": 3541.77,
  "controlPossMean": 3137.322,
  "testFoulsMean": 0.784,
  "controlFoulsMean": 1.624
}