{
  "attr": "tackling",
  "trials": 100,
  "baseSeed": 20260701,
  "ms": 20411,
  "testGoalsMean": 0.84,
  "controlGoalsMean": 0.92,
  "testGoalsStd": 0.9289942427325925,
  "controlGoalsStd": 0.9710974734959942,
  "diffMean": -0.08,
  "diffStd": 1.440258113791912,
  "tStat": -0.555455992463573,
  "pValue": 0.5785827439556991,
  "significant": false,
  "wins": 33,
  "draws": 31,
  "losses": 36,
  "testShotsMean": 1.93,
  "controlShotsMean": 2.25,
  "testSOTMean": 1.52,
  "controlSOTMean": 1.78,
  "testPossMean": 3298.89,
  "controlPossMean": 3323.29,
  "testFoulsMean": 0.49,
  "controlFoulsMean": 0.59
}