{
  "attr": "tackling",
  "trials": 500,
  "baseSeed": 20260701,
  "ms": 130083,
  "testGoalsMean": 0.784,
  "controlGoalsMean": 0.422,
  "testGoalsStd": 0.8189538269899499,
  "controlGoalsStd": 0.6298487269477302,
  "diffMean": 0.362,
  "diffStd": 1.026188152459622,
  "tStat": 7.887994086803434,
  "pValue": 3.1086244689504383e-15,
  "significant": true,
  "wins": 210,
  "draws": 201,
  "losses": 89,
  "testShotsMean": 3.248,
  "controlShotsMean": 2.114,
  "testSOTMean": 2.472,
  "controlSOTMean": 1.31,
  "testPossMean": 3378.86,
  "controlPossMean": 3413.11,
  "testFoulsMean": 0.066,
  "controlFoulsMean": 0.86
}