{
  "attr": "teamwork",
  "trials": 100,
  "baseSeed": 20260701,
  "ms": 20561,
  "testGoalsMean": 0.86,
  "controlGoalsMean": 1.02,
  "testGoalsStd": 0.8647998542314791,
  "controlGoalsStd": 0.9209130295966106,
  "diffMean": -0.16,
  "diffStd": 1.3236008431242372,
  "tStat": -1.2088236482407704,
  "pValue": 0.2267307358423143,
  "significant": false,
  "wins": 32,
  "draws": 31,
  "losses": 37,
  "testShotsMean": 2.13,
  "controlShotsMean": 1.7,
  "testSOTMean": 1.73,
  "controlSOTMean": 1.74,
  "testPossMean": 3211.77,
  "controlPossMean": 3392.05,
  "testFoulsMean": 0.96,
  "controlFoulsMean": 0.69
}