{
  "attr": "technique",
  "trials": 100,
  "baseSeed": 20260701,
  "ms": 20445,
  "testGoalsMean": 1.03,
  "controlGoalsMean": 0.98,
  "testGoalsStd": 0.9369518599580174,
  "controlGoalsStd": 0.864332521122922,
  "diffMean": 0.05,
  "diffStd": 1.3512059708858513,
  "tStat": 0.37003980945421655,
  "pValue": 0.7113529488703977,
  "significant": false,
  "wins": 35,
  "draws": 29,
  "losses": 36,
  "testShotsMean": 2.18,
  "controlShotsMean": 2.15,
  "testSOTMean": 1.9,
  "controlSOTMean": 1.61,
  "testPossMean": 3297.98,
  "controlPossMean": 3372.7,
  "testFoulsMean": 0.44,
  "controlFoulsMean": 0.6
}