{
  "attr": "throwing",
  "trials": 100,
  "baseSeed": 20260701,
  "ms": 20089,
  "testGoalsMean": 0.81,
  "controlGoalsMean": 0.88,
  "testGoalsStd": 0.7745314647572362,
  "controlGoalsStd": 0.9669278643981124,
  "diffMean": -0.07,
  "diffStd": 1.241170838565365,
  "tStat": -0.5639836018135188,
  "pValue": 0.5727652252353105,
  "significant": false,
  "wins": 32,
  "draws": 34,
  "losses": 34,
  "testShotsMean": 1.78,
  "controlShotsMean": 2.2,
  "testSOTMean": 1.4,
  "controlSOTMean": 1.72,
  "testPossMean": 3292.31,
  "controlPossMean": 3335.94,
  "testFoulsMean": 0.68,
  "controlFoulsMean": 0.6
}