{
  "attr": "vision",
  "trials": 100,
  "baseSeed": 20260701,
  "ms": 20423,
  "testGoalsMean": 0.8,
  "controlGoalsMean": 0.91,
  "testGoalsStd": 0.910100449556437,
  "controlGoalsStd": 0.9330627313348555,
  "diffMean": -0.11,
  "diffStd": 1.377268560183049,
  "tStat": -0.7986822844876399,
  "pValue": 0.4244745410437425,
  "significant": false,
  "wins": 27,
  "draws": 40,
  "losses": 33,
  "testShotsMean": 2,
  "controlShotsMean": 1.99,
  "testSOTMean": 1.38,
  "controlSOTMean": 1.68,
  "testPossMean": 3309.47,
  "controlPossMean": 3329.24,
  "testFoulsMean": 0.65,
  "controlFoulsMean": 0.56
}