{
  "attr": "workRate",
  "trials": 100,
  "baseSeed": 20260701,
  "ms": 22618,
  "testGoalsMean": 0.86,
  "controlGoalsMean": 0.9,
  "testGoalsStd": 0.8411151808609492,
  "controlGoalsStd": 0.9265990819042824,
  "diffMean": -0.04,
  "diffStd": 1.39204086785474,
  "tStat": -0.28734788556634544,
  "pValue": 0.773846093599991,
  "significant": false,
  "wins": 37,
  "draws": 26,
  "losses": 37,
  "testShotsMean": 2.17,
  "controlShotsMean": 1.95,
  "testSOTMean": 1.74,
  "controlSOTMean": 1.63,
  "testPossMean": 3352.42,
  "controlPossMean": 3314.93,
  "testFoulsMean": 0.91,
  "controlFoulsMean": 0.82
}